state,district
Gujarat,Ahmedabad
Gujarat,Amreli
Gujarat,Anand
Gujarat,Arvalli
Gujarat,Banas Kantha
Gujarat,Bharuch
Gujarat,Bhavnagar
Gujarat,Botad
Gujarat,Chhotaudepur
Gujarat,Dahod
Gujarat,Dangs
Gujarat,Devbhumi Dwarka
Gujarat,Gandhinagar
Gujarat,Gir Somnath
Gujarat,Jamnagar
Gujarat,Junagadh
Gujarat,Kachchh
Gujarat,Kheda
Gujarat,Mahesana
Gujarat,Mahisagar
Gujarat,Morbi
Gujarat,Narmada
Gujarat,Navsari
Gujarat,Panch Mahals
Gujarat,Patan
Gujarat,Porbandar
Gujarat,Rajkot
Gujarat,Sabar Kantha
Gujarat,Surat
Gujarat,Surendranagar
Gujarat,Tapi
Gujarat,Vadodara
Gujarat,Valsad
Gujarat,Vav-Tharad
Maharashtra,Ahilyanagar
Maharashtra,Akola
Maharashtra,Amravati
Maharashtra,Beed
Maharashtra,Bhandara
Maharashtra,Buldhana
Maharashtra,Chandrapur
Maharashtra,Chhatrapati Sambhajinagar
Maharashtra,Dharashiv
Maharashtra,Dhule
Maharashtra,Gadchiroli
Maharashtra,Gondia
Maharashtra,Hingoli
Maharashtra,Jalgaon
Maharashtra,Jalna
Maharashtra,Kolhapur
Maharashtra,Latur
Maharashtra,Mumbai
Maharashtra,Mumbai Suburban
Maharashtra,Nagpur
Maharashtra,Nanded
Maharashtra,Nandurbar
Maharashtra,Nashik
Maharashtra,Palghar
Maharashtra,Parbhani
Maharashtra,Pune
Maharashtra,Raigad
Maharashtra,Ratnagiri
Maharashtra,Sangli
Maharashtra,Satara
Maharashtra,Sindhudurg
Maharashtra,Solapur
Maharashtra,Thane
Maharashtra,Wardha
Maharashtra,Washim
Maharashtra,Yavatmal
Rajasthan,Ajmer
Rajasthan,Alwar
Rajasthan,Balotra
Rajasthan,Banswara
Rajasthan,Baran
Rajasthan,Barmer
Rajasthan,Beawar
Rajasthan,Bharatpur
Rajasthan,Bhilwara
Rajasthan,Bikaner
Rajasthan,Bundi
Rajasthan,Chittorgarh
Rajasthan,Churu
Rajasthan,Dausa
Rajasthan,Deeg
Rajasthan,Dholpur
Rajasthan,Didwana-Kuchaman
Rajasthan,Dungarpur
Rajasthan,Ganganagar
Rajasthan,Hanumangarh
Rajasthan,Jaipur
Rajasthan,Jaisalmer
Rajasthan,Jalore
Rajasthan,Jhalawar
Rajasthan,Jhunjhunu
Rajasthan,Jodhpur
Rajasthan,Karauli
Rajasthan,Khairthal-Tijara
Rajasthan,Kota
Rajasthan,Kotputli-Behror
Rajasthan,Nagaur
Rajasthan,Pali
Rajasthan,Phalodi
Rajasthan,Pratapgarh
Rajasthan,Rajsamand
Rajasthan,Salumbar
Rajasthan,Sawai Madhopur
Rajasthan,Sikar
Rajasthan,Sirohi
Rajasthan,Tonk
Rajasthan,Udaipur
